{"max": [19.6113, 19.7421, 63.4659], "centroid": [2.7261512030901254, 1.6159539397582168, 24.759383681853357], "id": "5b925881cf8678cabda733a39f84326d", "numVertices": 14146, "min": [-9.37737, -7.5123, -1.4619]}
