{"max": [-0.985428, 1.51286, 4.21671], "centroid": [-2.1867932426942827, 0.6000782974848398, 1.5929198336969965], "id": "a9876012922192273a8cad69dd295a56", "numVertices": 57352, "min": [-3.29598, -0.0441067, -0.677785]}
